<?xml version="1.0" encoding="UTF-8"?>
<project-private xmlns="http://www.netbeans.org/ns/project-private/1">
    <editor-bookmarks xmlns="http://www.netbeans.org/ns/editor-bookmarks/2" lastBookmarkId="0"/>
    <open-files xmlns="http://www.netbeans.org/ns/projectui-open-files/2">
        <group name="Group 20180918-11:24:07">
            <file>file:/C:/Users/PRATAP%20KUMAR/Documents/NetBeansProjects/e%20agriculture/src/sellproducts.java</file>
            <file>file:/C:/Users/PRATAP%20KUMAR/Documents/NetBeansProjects/e%20agriculture/src/update.java</file>
            <file>file:/C:/Users/PRATAP%20KUMAR/Documents/NetBeansProjects/e%20agriculture/src/placeorde.java</file>
            <file>file:/C:/Users/PRATAP%20KUMAR/Documents/NetBeansProjects/e%20agriculture/src/NewJFrame1.java</file>
            <file>file:/C:/Users/PRATAP%20KUMAR/Documents/NetBeansProjects/e%20agriculture/src/logout.java</file>
            <file>file:/C:/Users/PRATAP%20KUMAR/Documents/NetBeansProjects/e%20agriculture/src/cropmangment.java</file>
            <file>file:/C:/Users/PRATAP%20KUMAR/Documents/NetBeansProjects/e%20agriculture/src/home.java</file>
            <file>file:/C:/Users/PRATAP%20KUMAR/Documents/NetBeansProjects/e%20agriculture/src/login.java</file>
            <file>file:/C:/Users/PRATAP%20KUMAR/Documents/NetBeansProjects/e%20agriculture/src/buyproducts.java</file>
            <file>file:/C:/Users/PRATAP%20KUMAR/Documents/NetBeansProjects/e%20agriculture/src/uh.java</file>
            <file>file:/C:/Users/PRATAP%20KUMAR/Documents/NetBeansProjects/e%20agriculture/src/otp.java</file>
            <file>file:/C:/Users/PRATAP%20KUMAR/Documents/NetBeansProjects/e%20agriculture/src/download.png</file>
            <file>file:/C:/Users/PRATAP%20KUMAR/Documents/NetBeansProjects/e%20agriculture/src/opt.java</file>
            <file>file:/C:/Users/PRATAP%20KUMAR/Documents/NetBeansProjects/e%20agriculture/src/e_agriculture/e_agriculture.java</file>
            <file>file:/C:/Users/PRATAP%20KUMAR/Documents/NetBeansProjects/e%20agriculture/src/otpgenerater.java</file>
            <file>file:/C:/Users/PRATAP%20KUMAR/Documents/NetBeansProjects/e%20agriculture/src/NewClass.java</file>
            <file>file:/C:/Users/PRATAP%20KUMAR/Documents/NetBeansProjects/e%20agriculture/src/newregister.java</file>
        </group>
        <group>
            <file>file:/C:/Users/PRATAP%20KUMAR/OneDrive/Documents/NetBeansProjects/e%20agriculture/src/login.java</file>
            <file>file:/C:/Users/PRATAP%20KUMAR/OneDrive/Documents/NetBeansProjects/e%20agriculture/src/newregister.java</file>
        </group>
    </open-files>
</project-private>
